[{"x":375,"y":25,"z":25,"t":61},{"x":375,"y":75,"z":25,"t":61},{"x":375,"y":125,"z":25,"t":61},{"x":375,"y":175,"z":25,"t":61},{"x":375,"y":225,"z":25,"t":61},{"x":375,"y":25,"z":-25,"t":61},{"x":375,"y":75,"z":-25,"t":61},{"x":375,"y":25,"z":-75,"t":61},{"x":375,"y":25,"z":-125,"t":61},{"x":375,"y":25,"z":-175,"t":61},{"x":375,"y":125,"z":-25,"t":61},{"x":-325,"y":25,"z":325,"t":61},{"x":375,"y":175,"z":-25,"t":61},{"x":375,"y":75,"z":-175,"t":61},{"x":375,"y":125,"z":-175,"t":61},{"x":375,"y":175,"z":-175,"t":61},{"x":375,"y":25,"z":-225,"t":61},{"x":375,"y":25,"z":-275,"t":61},{"x":425,"y":25,"z":-175,"t":61},{"x":475,"y":25,"z":-175,"t":61},{"x":525,"y":25,"z":-175,"t":61},{"x":475,"y":25,"z":-225,"t":61},{"x":475,"y":25,"z":-275,"t":61},{"x":525,"y":25,"z":-225,"t":61},{"x":525,"y":25,"z":-275,"t":61},{"x":525,"y":75,"z":-275,"t":61},{"x":525,"y":125,"z":-275,"t":61},{"x":525,"y":175,"z":-275,"t":61},{"x":325,"y":25,"z":-325,"t":61},{"x":275,"y":25,"z":-425,"t":61},{"x":275,"y":75,"z":-425,"t":61},{"x":175,"y":25,"z":-875,"t":61},{"x":225,"y":25,"z":-875,"t":61},{"x":275,"y":25,"z":-875,"t":61},{"x":325,"y":25,"z":-875,"t":61},{"x":375,"y":25,"z":-875,"t":61},{"x":275,"y":25,"z":-925,"t":61},{"x":275,"y":25,"z":-975,"t":61},{"x":275,"y":25,"z":-1025,"t":61},{"x":275,"y":25,"z":-1075,"t":61},{"x":25,"y":25,"z":-875,"t":61},{"x":25,"y":25,"z":-975,"t":61},{"x":25,"y":25,"z":-925,"t":61},{"x":25,"y":25,"z":-1025,"t":61},{"x":25,"y":25,"z":-1075,"t":61},{"x":-25,"y":25,"z":-975,"t":61},{"x":-75,"y":25,"z":-925,"t":61},{"x":-125,"y":25,"z":-875,"t":61},{"x":-75,"y":25,"z":-1025,"t":61},{"x":-125,"y":25,"z":-1075,"t":61},{"x":-275,"y":25,"z":-1075,"t":61},{"x":-275,"y":25,"z":-975,"t":61},{"x":-275,"y":25,"z":-1025,"t":61},{"x":-275,"y":25,"z":-875,"t":61},{"x":-275,"y":25,"z":-925,"t":61},{"x":-325,"y":25,"z":-875,"t":61},{"x":-375,"y":25,"z":-925,"t":61},{"x":-625,"y":25,"z":-625,"t":61},{"x":-325,"y":25,"z":-1025,"t":61},{"x":-375,"y":25,"z":-1075,"t":61},{"x":-375,"y":25,"z":-975,"t":61}]