[{"x":725,"y":25,"z":275},{"x":925,"y":25,"z":-125},{"x":375,"y":25,"z":-325},{"x":275,"y":25,"z":225},{"x":-675,"y":25,"z":375},{"x":-225,"y":25,"z":-125},{"x":-775,"y":25,"z":-475},{"x":125,"y":25,"z":-675},{"x":1225,"y":25,"z":-575},{"x":625,"y":25,"z":-425},{"x":925,"y":25,"z":-575},{"x":575,"y":25,"z":-725},{"x":175,"y":25,"z":-575},{"x":-275,"y":25,"z":-575},{"x":1225,"y":75,"z":-575},{"x":1225,"y":125,"z":-575},{"x":1225,"y":175,"z":-575},{"x":1225,"y":225,"z":-575},{"x":1225,"y":275,"z":-575},{"x":1225,"y":325,"z":-575}]